frame,time,features,flow_left,flow_center,flow_right,flow_std,pos_x,pos_y,pos_z,yaw,speed,state,collided,obstacle,side_safe,brake_thres,dodge_thres,probe_req,fps,simgetimage_s,decode_s,processing_s,loop_s
2,1749293188.76,150,0.142,0.075,0.101,5.259,0.00,0.00,-0.95,0.00,0.07,none,1,0,1,20.72,2.04,0.00,9.93,0.019,0.002,0.0,0.101
3,1749293188.81,150,0.141,0.100,0.123,2.830,0.00,0.00,-0.95,0.00,0.08,none,0,0,0,20.78,2.04,0.00,19.51,0.019,0.003,0.0,0.051
4,1749293188.87,150,0.140,0.113,0.147,2.955,0.00,0.00,-0.95,0.00,0.07,none,0,0,0,20.73,2.04,0.00,18.82,0.021,0.003,0.0,0.053
5,1749293188.92,150,0.142,0.116,0.161,3.078,0.00,0.00,-0.94,0.00,0.06,none,0,0,0,20.64,2.03,0.00,19.33,0.022,0.003,0.0,0.052
6,1749293188.97,150,0.153,0.121,0.165,3.039,0.00,0.00,-0.94,0.00,0.05,none,0,0,0,20.53,2.03,0.00,15.84,0.023,0.003,0.0,0.063
7,1749293189.03,150,0.158,0.121,0.164,3.009,0.00,0.00,-0.94,0.00,0.04,none,0,0,0,20.43,2.02,0.00,16.82,0.019,0.003,0.0,0.059
8,1749293189.09,150,0.155,0.119,0.163,2.313,0.00,0.00,-0.93,0.00,0.03,none,0,0,0,20.35,2.02,0.00,17.57,0.020,0.002,0.0,0.057
9,1749293189.15,150,0.154,0.114,0.157,2.466,0.00,0.00,-0.93,0.00,0.03,none,0,0,0,20.27,2.01,0.00,17.27,0.025,0.003,0.0,0.058
10,1749293189.21,150,0.148,0.108,0.151,1.653,0.00,0.00,-0.93,0.00,0.02,none,0,0,0,20.20,2.01,0.00,17.35,0.021,0.002,0.0,0.058
11,1749293189.27,150,0.141,0.103,0.145,1.460,0.00,0.00,-0.93,0.00,0.01,none,0,0,0,20.15,2.01,0.00,16.82,0.024,0.003,0.0,0.059
12,1749293189.33,150,0.135,0.101,0.142,1.158,0.00,0.00,-0.93,0.00,0.01,none,0,0,0,20.10,2.00,0.00,17.64,0.021,0.003,0.0,0.057
13,1749293189.38,150,0.128,0.093,0.134,1.180,0.00,0.00,-0.93,0.00,0.01,none,0,0,0,20.05,2.00,0.00,16.07,0.023,0.003,0.0,0.062
14,1749293189.44,150,0.119,0.084,0.120,0.895,0.00,0.00,-0.93,0.00,0.00,none,0,0,0,20.02,2.00,0.00,18.62,0.018,0.003,0.0,0.054
15,1749293189.50,150,0.108,0.075,0.106,1.002,0.00,0.00,-0.93,0.00,0.00,none,0,0,0,20.01,2.00,0.00,18.92,0.019,0.003,0.0,0.053
16,1749293189.55,150,0.093,0.065,0.093,0.740,0.00,0.00,-0.93,0.00,0.00,none,0,0,0,20.05,2.00,0.00,10.34,0.023,0.002,0.0,0.097
17,1749293189.67,150,0.080,0.057,0.083,0.432,0.00,0.00,-0.93,0.00,0.01,none,0,0,0,20.08,2.00,0.00,9.43,0.025,0.003,0.0,0.106
18,1749293189.75,150,0.071,0.051,0.075,0.710,0.00,0.00,-0.93,0.00,0.01,none,0,0,0,20.10,2.00,0.00,11.90,0.020,0.003,0.0,0.084
19,1749293189.84,150,0.060,0.049,0.070,1.290,0.00,0.00,-0.93,0.00,0.01,none,0,0,0,20.11,2.01,0.00,19.96,0.019,0.002,0.0,0.050
20,1749293189.89,150,0.058,0.048,0.065,1.214,0.00,0.00,-0.93,0.00,0.01,none,0,0,0,20.11,2.01,0.00,18.81,0.020,0.003,0.0,0.053
21,1749293189.94,150,0.058,0.046,0.062,0.964,0.00,0.00,-0.93,0.00,0.01,none,0,0,0,20.12,2.01,0.00,16.77,0.022,0.003,0.0,0.060
22,1749293190.00,150,0.056,0.046,0.062,1.174,0.00,0.00,-0.93,0.00,0.01,none,0,0,0,20.12,2.01,0.00,19.49,0.022,0.003,0.0,0.051
23,1749293190.05,150,0.053,0.045,0.062,0.977,0.00,0.00,-0.93,0.00,0.01,none,0,0,0,20.13,2.01,0.00,19.12,0.021,0.002,0.0,0.052
24,1749293190.10,150,0.053,0.046,0.063,0.962,0.00,0.00,-0.93,0.00,0.01,none,0,0,0,20.13,2.01,0.00,17.99,0.021,0.003,0.0,0.056
25,1749293190.16,150,0.054,0.047,0.063,1.016,0.00,0.00,-0.93,0.00,0.01,none,0,0,0,20.13,2.01,0.00,19.71,0.018,0.002,0.0,0.051
26,1749293190.21,150,0.056,0.047,0.065,1.142,0.00,0.00,-0.93,0.00,0.01,none,0,0,0,20.13,2.01,0.00,18.31,0.019,0.002,0.0,0.055
27,1749293190.27,150,0.055,0.048,0.066,1.101,0.00,0.00,-0.93,0.00,0.01,none,0,0,0,20.13,2.01,0.00,18.78,0.021,0.003,0.0,0.053
28,1749293190.32,150,0.061,0.048,0.065,2.497,0.00,0.00,-0.94,0.00,0.01,none,0,0,0,20.13,2.01,0.00,19.87,0.021,0.002,0.0,0.050
29,1749293190.37,150,0.062,0.047,0.065,1.300,0.00,0.00,-0.94,0.00,0.01,none,0,0,0,20.13,2.01,0.00,18.71,0.021,0.003,0.0,0.053
30,1749293190.42,150,0.060,0.049,0.066,1.342,0.00,0.00,-0.94,0.00,0.01,none,0,0,0,20.13,2.01,0.00,19.18,0.020,0.002,0.0,0.052
31,1749293190.47,150,0.057,0.048,0.067,1.132,0.00,0.00,-0.94,0.00,0.01,none,0,0,0,20.13,2.01,0.00,19.96,0.017,0.003,0.0,0.050
32,1749293190.52,150,0.059,0.049,0.067,1.420,0.00,0.00,-0.94,0.00,0.01,none,0,0,0,20.12,2.01,0.00,19.35,0.019,0.002,0.0,0.052
33,1749293190.58,150,0.060,0.051,0.068,1.250,0.00,0.00,-0.94,0.00,0.01,none,0,0,0,20.12,2.01,0.00,18.22,0.020,0.002,0.0,0.055
34,1749293190.63,150,0.061,0.051,0.069,1.134,0.00,0.00,-0.94,0.00,0.01,none,0,0,0,20.12,2.01,0.00,19.35,0.022,0.002,0.0,0.052
35,1749293190.68,150,0.061,0.052,0.069,1.249,0.00,0.00,-0.94,0.00,0.01,none,0,0,0,20.11,2.01,0.00,19.94,0.020,0.003,0.0,0.050
36,1749293190.73,150,0.061,0.055,0.068,1.444,0.00,0.00,-0.94,0.00,0.01,resume_reinforce,0,0,0,20.11,2.01,0.00,19.41,0.021,0.002,0.0,0.052
37,1749293190.78,150,0.064,0.054,0.068,1.843,0.00,0.00,-0.94,0.00,0.03,none,0,0,0,20.35,2.02,0.00,18.66,0.022,0.002,0.0,0.054
38,1749293190.84,147,1.418,1.036,1.459,242.751,0.00,0.00,-0.94,0.00,0.07,none,0,0,0,20.68,2.03,0.00,16.88,0.021,0.003,0.0,0.059
39,1749293190.90,148,2.793,2.152,3.019,187.218,0.01,0.00,-0.94,0.00,0.20,none,0,0,0,21.90,2.09,0.00,16.74,0.022,0.003,0.0,0.060
40,1749293190.96,145,3.861,3.030,4.266,160.315,0.02,0.00,-0.95,0.00,0.31,none,0,0,0,23.08,2.15,0.00,17.20,0.022,0.002,0.0,0.058
41,1749293191.02,147,4.486,3.555,4.900,76.371,0.04,0.00,-0.97,0.00,0.42,none,0,0,0,24.19,2.21,0.00,15.34,0.021,0.003,0.0,0.065
42,1749293191.08,148,4.842,3.831,5.256,33.722,0.06,0.00,-0.98,0.00,0.52,none,0,0,0,25.17,2.26,0.00,16.76,0.024,0.002,0.0,0.060
43,1749293191.14,150,4.988,3.864,5.347,16.144,0.10,0.00,-0.99,0.00,0.61,none,0,0,0,26.10,2.31,0.00,16.18,0.022,0.002,0.0,0.062
44,1749293191.20,149,5.208,3.977,5.520,20.863,0.13,0.00,-1.00,0.00,0.69,none,0,0,0,26.92,2.35,0.00,18.92,0.021,0.002,0.0,0.053
45,1749293191.25,150,5.485,4.138,5.748,29.635,0.17,0.00,-1.01,0.00,0.78,none,0,0,0,27.76,2.39,0.00,17.84,0.021,0.003,0.0,0.056
46,1749293191.31,150,5.852,4.348,6.024,34.730,0.21,0.00,-1.02,0.00,0.85,none,0,0,0,28.53,2.43,0.00,18.61,0.019,0.003,0.0,0.054
47,1749293191.36,149,6.219,4.599,6.333,41.978,0.26,0.00,-1.03,0.00,0.92,none,0,0,0,29.24,2.46,0.00,19.54,0.019,0.002,0.0,0.051
48,1749293191.42,150,5.253,3.853,5.246,37.996,0.31,0.00,-1.04,0.00,0.99,none,0,0,0,29.92,2.50,0.00,18.97,0.020,0.003,0.0,0.053
49,1749293191.47,150,4.291,2.973,3.984,41.234,0.36,0.00,-1.04,0.00,1.06,none,0,0,0,30.56,2.53,0.00,19.99,0.019,0.003,0.0,0.050
50,1749293191.52,149,3.692,2.378,3.069,43.654,0.41,0.00,-1.05,0.00,1.12,none,0,0,0,31.14,2.56,0.00,20.00,0.022,0.002,0.0,0.050
51,1749293191.57,149,3.451,2.061,2.716,40.520,0.47,0.00,-1.05,0.00,1.17,none,0,0,1,31.73,2.59,0.00,19.88,0.018,0.003,0.0,0.050
52,1749293191.62,149,3.557,2.048,2.676,40.881,0.53,0.00,-1.05,0.00,1.23,none,0,0,1,32.25,2.61,0.00,19.78,0.021,0.002,0.0,0.051
53,1749293191.67,150,3.847,2.234,2.877,40.244,0.60,0.00,-1.06,0.00,1.28,none,0,0,1,32.80,2.64,0.00,19.18,0.020,0.003,0.0,0.052
54,1749293191.72,148,4.242,2.368,3.027,45.822,0.67,0.00,-1.06,0.00,1.33,none,0,0,1,33.32,2.67,0.00,18.43,0.023,0.002,0.0,0.054
55,1749293191.78,147,4.363,2.429,3.068,38.269,0.73,0.00,-1.06,0.00,1.38,none,0,0,1,33.78,2.69,0.00,19.62,0.016,0.003,0.0,0.051
56,1749293191.83,150,4.472,2.420,3.083,39.631,0.82,0.00,-1.06,0.00,1.43,none,0,0,1,34.27,2.71,0.00,17.06,0.021,0.003,0.0,0.059
57,1749293191.89,149,4.788,2.411,3.094,70.434,0.89,0.00,-1.06,0.00,1.47,none,0,0,1,34.64,2.73,0.00,19.79,0.019,0.002,0.0,0.051
58,1749293191.94,150,5.127,2.380,3.101,72.503,0.96,0.00,-1.06,0.00,1.50,none,0,0,1,35.01,2.75,0.00,19.83,0.022,0.002,0.0,0.050
59,1749293191.99,149,5.304,2.334,3.062,63.931,1.04,0.00,-1.06,0.00,1.54,none,0,0,1,35.34,2.77,0.00,19.94,0.019,0.003,0.0,0.050
60,1749293192.04,146,5.556,2.246,3.029,70.212,1.12,0.00,-1.06,0.00,1.57,none,0,0,1,35.67,2.78,0.00,18.91,0.022,0.002,0.0,0.053
61,1749293192.09,148,5.795,2.228,3.006,67.583,1.20,0.00,-1.06,0.00,1.60,none,0,0,1,35.99,2.80,0.00,19.31,0.020,0.002,0.0,0.052
62,1749293192.14,150,6.004,2.161,2.993,61.420,1.30,0.00,-1.06,0.00,1.63,none,0,0,1,36.29,2.81,0.00,17.61,0.022,0.003,0.0,0.057
63,1749293192.20,148,6.194,2.128,3.001,63.691,1.38,0.00,-1.06,0.00,1.65,none,0,0,1,36.54,2.83,0.00,19.25,0.020,0.003,0.0,0.052
64,1749293192.25,150,6.160,2.062,3.016,58.682,1.46,0.00,-1.06,0.00,1.68,none,0,0,1,36.78,2.84,0.00,19.31,0.022,0.003,0.0,0.052
65,1749293192.30,147,6.303,1.989,3.018,53.216,1.56,0.00,-1.06,0.00,1.70,none,0,0,1,37.02,2.85,0.00,17.72,0.022,0.004,0.0,0.056
66,1749293192.36,149,6.572,1.991,3.061,62.986,1.65,0.00,-1.06,0.00,1.72,none,0,0,1,37.23,2.86,0.00,18.11,0.020,0.002,0.0,0.055
67,1749293192.41,150,6.710,1.932,3.054,71.438,1.75,0.00,-1.06,0.00,1.74,none,0,0,1,37.43,2.87,0.00,18.74,0.019,0.003,0.0,0.053
68,1749293192.47,149,6.661,1.913,3.117,64.527,1.85,0.00,-1.06,0.00,1.76,none,0,0,1,37.61,2.88,0.00,18.11,0.025,0.002,0.0,0.055
69,1749293192.52,150,6.845,1.905,3.193,80.401,1.93,0.00,-1.06,0.00,1.78,none,0,0,1,37.77,2.89,0.00,19.84,0.019,0.003,0.0,0.050
70,1749293192.57,150,6.762,1.889,3.284,66.437,2.02,0.00,-1.06,-0.00,1.79,none,0,0,1,37.91,2.90,0.00,19.89,0.018,0.002,0.0,0.050
71,1749293192.62,150,6.730,1.867,3.377,61.580,2.12,0.00,-1.06,-0.00,1.81,none,0,0,1,38.05,2.90,0.00,18.81,0.020,0.003,0.0,0.053
72,1749293192.68,148,6.732,1.869,3.488,70.386,2.21,0.00,-1.06,-0.00,1.82,none,0,0,1,38.18,2.91,0.00,18.87,0.020,0.002,0.0,0.053
73,1749293192.73,143,6.782,1.865,3.541,67.354,2.31,0.00,-1.06,-0.00,1.83,none,0,0,1,38.30,2.92,0.00,19.17,0.018,0.002,0.0,0.052
74,1749293192.78,147,6.847,1.877,3.643,63.171,2.40,0.00,-1.06,-0.00,1.84,none,0,0,1,38.41,2.92,0.00,18.62,0.023,0.003,0.0,0.054
75,1749293192.83,147,6.929,1.885,3.755,61.983,2.50,0.00,-1.06,-0.00,1.85,resume_reinforce,0,0,1,38.51,2.93,0.00,19.15,0.019,0.003,0.0,0.052
76,1749293192.89,146,6.920,1.871,3.857,77.221,2.60,0.00,-1.06,-0.00,1.86,none,0,0,1,38.61,2.93,0.00,19.93,0.020,0.002,0.0,0.050
77,1749293192.94,148,6.638,1.805,3.937,63.310,2.69,0.00,-1.06,-0.00,1.87,none,0,0,1,38.69,2.93,0.00,19.79,0.020,0.002,0.0,0.051
78,1749293192.99,147,6.656,1.788,3.975,72.204,2.78,0.00,-1.06,-0.00,1.88,none,0,0,1,38.77,2.94,0.00,19.72,0.020,0.003,0.0,0.051
79,1749293193.04,148,6.478,1.745,4.064,61.911,2.89,0.00,-1.06,-0.00,1.89,none,0,0,1,38.85,2.94,0.00,18.00,0.021,0.003,0.0,0.056
80,1749293193.09,150,6.412,1.693,4.129,61.577,3.00,0.00,-1.06,-0.00,1.89,none,0,0,1,38.93,2.95,0.00,17.30,0.021,0.002,0.0,0.058
81,1749293193.15,149,6.627,1.726,4.296,77.317,3.11,0.00,-1.05,-0.00,1.90,none,0,0,1,38.99,2.95,0.00,17.87,0.023,0.002,0.0,0.056
82,1749293193.21,148,6.738,1.706,4.349,89.374,3.20,0.00,-1.05,-0.00,1.91,none,0,0,1,39.05,2.95,0.00,19.85,0.018,0.002,0.0,0.050
83,1749293193.26,148,6.797,1.686,4.471,77.705,3.30,0.00,-1.05,-0.00,1.91,none,0,0,1,39.10,2.96,0.00,19.13,0.021,0.002,0.0,0.052
84,1749293193.31,147,6.842,1.673,4.502,68.999,3.42,0.00,-1.05,-0.00,1.92,none,0,0,1,39.16,2.96,0.00,16.86,0.021,0.002,0.0,0.059
85,1749293193.37,148,7.047,1.707,4.682,76.023,3.52,0.00,-1.05,-0.00,1.92,none,0,0,1,39.21,2.96,0.00,18.29,0.021,0.002,0.0,0.055
86,1749293193.42,149,7.162,1.682,4.762,79.175,3.63,0.00,-1.05,-0.00,1.93,none,0,0,1,39.26,2.96,0.00,16.77,0.024,0.002,0.0,0.060
87,1749293193.48,146,7.448,1.695,4.870,79.558,3.73,0.00,-1.05,-0.00,1.93,none,0,0,1,39.29,2.96,0.00,19.93,0.019,0.003,0.0,0.050
88,1749293193.53,145,7.489,1.679,4.918,68.565,3.83,0.00,-1.05,-0.00,1.93,none,0,0,1,39.33,2.97,0.00,19.82,0.021,0.002,0.0,0.050
89,1749293193.58,146,7.662,1.702,4.971,72.795,3.93,0.00,-1.05,-0.00,1.94,none,0,0,1,39.36,2.97,0.00,18.32,0.023,0.003,0.0,0.055
90,1749293193.64,148,7.924,1.760,4.963,84.214,4.03,0.00,-1.05,-0.00,1.94,none,0,0,1,39.40,2.97,0.00,18.27,0.020,0.003,0.0,0.055
91,1749293193.69,146,8.003,1.743,4.942,78.812,4.15,0.00,-1.05,-0.00,1.94,none,0,0,1,39.42,2.97,0.00,18.45,0.020,0.003,0.0,0.054
92,1749293193.75,150,8.180,1.676,4.897,147.042,4.24,0.00,-1.05,-0.00,1.95,none,0,0,1,39.45,2.97,0.00,18.61,0.019,0.003,0.0,0.054
93,1749293193.80,149,8.218,1.648,4.913,90.743,4.35,0.00,-1.05,-0.00,1.95,none,0,0,1,39.48,2.97,0.00,19.25,0.019,0.002,0.0,0.052
94,1749293193.85,149,8.500,1.572,4.973,121.714,4.46,0.00,-1.05,-0.00,1.95,none,0,0,1,39.50,2.97,0.00,17.15,0.021,0.002,0.0,0.058
95,1749293193.91,147,8.501,1.558,4.909,76.744,4.57,0.00,-1.05,-0.00,1.95,none,0,0,1,39.52,2.98,0.00,17.71,0.024,0.003,0.0,0.056
96,1749293193.97,146,8.501,1.586,4.933,82.664,4.70,0.00,-1.05,-0.00,1.95,none,0,0,1,39.54,2.98,0.00,15.80,0.024,0.002,0.0,0.063
97,1749293194.03,146,8.605,1.595,5.015,94.833,4.80,0.00,-1.05,-0.00,1.96,none,0,0,1,39.56,2.98,0.00,18.23,0.021,0.002,0.0,0.055
98,1749293194.09,149,8.549,1.536,5.080,84.846,4.91,0.00,-1.05,-0.00,1.96,none,0,0,1,39.58,2.98,0.00,18.90,0.021,0.002,0.0,0.053
99,1749293194.14,146,8.517,1.488,5.116,93.257,5.01,0.00,-1.05,-0.00,1.96,none,0,0,1,39.59,2.98,0.00,18.58,0.020,0.002,0.0,0.054
100,1749293194.19,144,8.367,1.439,5.149,75.426,5.13,0.00,-1.05,-0.00,1.96,none,0,0,1,39.61,2.98,0.00,16.20,0.021,0.002,0.0,0.062
101,1749293194.26,146,8.302,1.458,5.180,75.966,5.25,0.00,-1.05,-0.00,1.96,none,0,0,1,39.62,2.98,0.00,16.14,0.023,0.003,0.0,0.062
102,1749293194.32,147,8.152,1.455,5.278,85.683,5.37,0.00,-1.05,-0.00,1.96,none,0,0,1,39.64,2.98,0.00,17.50,0.023,0.003,0.0,0.057
103,1749293194.37,149,8.404,1.443,5.398,81.938,5.54,0.00,-1.05,-0.00,1.97,none,0,0,1,39.65,2.98,0.00,9.01,0.031,0.003,0.0,0.111
104,1749293194.49,146,8.591,1.535,5.732,67.741,5.71,0.00,-1.05,-0.00,1.97,none,0,0,1,39.67,2.98,0.00,10.40,0.028,0.003,0.0,0.096
105,1749293194.58,148,8.919,1.558,6.147,76.897,5.86,0.00,-1.05,-0.00,1.97,none,0,0,1,39.68,2.98,0.00,8.28,0.025,0.003,0.0,0.121
106,1749293194.77,149,9.463,1.517,6.648,54.054,6.03,0.00,-1.04,-0.00,1.97,none,0,0,1,39.69,2.98,0.00,6.53,0.031,0.004,0.0,0.153
107,1749293194.86,147,9.454,1.485,6.775,83.845,6.16,0.00,-1.04,-0.00,1.97,none,0,0,1,39.70,2.98,0.00,13.89,0.026,0.003,0.0,0.072
108,1749293194.93,143,9.646,1.582,6.883,80.571,6.26,0.00,-1.04,-0.00,1.97,resume_reinforce,0,0,1,39.70,2.99,0.00,16.30,0.022,0.004,0.0,0.061
109,1749293194.99,148,9.732,1.578,6.826,76.719,6.38,0.00,-1.04,-0.00,1.97,none,0,0,1,39.71,2.99,0.00,16.59,0.023,0.002,0.0,0.060
110,1749293195.05,146,9.905,1.546,6.927,79.567,6.50,0.00,-1.04,-0.00,1.97,none,0,0,1,39.71,2.99,0.00,16.92,0.024,0.003,0.0,0.059
111,1749293195.11,147,10.050,1.434,6.953,89.707,6.61,0.00,-1.04,-0.00,1.97,none,0,0,1,39.72,2.99,0.00,16.59,0.024,0.003,0.0,0.060
112,1749293195.17,150,10.296,1.465,7.026,107.183,6.72,0.00,-1.04,-0.00,1.97,none,0,0,1,39.72,2.99,0.00,17.43,0.024,0.003,0.0,0.057
113,1749293195.23,145,10.257,1.417,6.923,90.063,6.84,0.00,-1.04,-0.00,1.97,none,0,0,1,39.73,2.99,0.00,16.44,0.024,0.003,0.0,0.061
114,1749293195.29,144,10.041,1.313,6.617,90.329,6.95,0.00,-1.04,-0.00,1.97,none,0,0,1,39.73,2.99,0.00,17.38,0.022,0.002,0.0,0.058
115,1749293195.34,148,10.130,1.237,6.247,122.103,7.07,0.00,-1.04,-0.00,1.97,none,0,0,1,39.74,2.99,0.00,13.99,0.022,0.003,0.0,0.071
116,1749293195.42,148,9.668,1.239,5.812,66.925,7.20,0.00,-1.04,-0.00,1.97,none,0,0,1,39.74,2.99,0.00,13.67,0.026,0.003,0.0,0.073
117,1749293195.49,148,10.455,1.249,5.741,144.370,7.33,0.00,-1.04,-0.00,1.97,none,0,0,1,39.74,2.99,0.00,15.57,0.025,0.003,0.0,0.064
118,1749293195.55,146,10.891,1.163,5.629,152.566,7.45,0.00,-1.04,-0.00,1.97,none,0,0,1,39.74,2.99,0.00,16.87,0.022,0.003,0.0,0.059
119,1749293195.61,149,11.000,1.148,5.631,87.732,7.56,0.00,-1.04,-0.00,1.97,none,0,0,1,39.75,2.99,0.00,17.26,0.019,0.003,0.0,0.058
120,1749293195.67,149,10.947,1.180,5.515,73.199,7.67,0.00,-1.04,-0.00,1.97,none,0,0,1,39.75,2.99,0.00,17.48,0.019,0.003,0.0,0.057
121,1749293195.73,147,10.817,1.158,5.391,78.966,7.78,0.00,-1.04,-0.00,1.98,none,0,0,1,39.75,2.99,0.00,18.01,0.020,0.002,0.0,0.056
122,1749293195.78,150,10.659,1.100,5.112,73.058,7.88,0.00,-1.04,-0.00,1.98,none,0,0,1,39.75,2.99,0.00,17.59,0.021,0.003,0.0,0.057
123,1749293195.84,149,10.733,1.169,5.117,80.345,8.01,0.00,-1.04,-0.00,1.98,none,0,0,1,39.75,2.99,0.00,15.64,0.024,0.003,0.0,0.064
124,1749293195.90,149,10.819,1.167,5.031,78.796,8.12,0.00,-1.04,-0.00,1.98,none,0,0,1,39.76,2.99,0.00,18.78,0.022,0.002,0.0,0.053
125,1749293195.96,149,10.620,1.166,4.959,99.847,8.22,0.00,-1.04,-0.00,1.98,none,0,0,1,39.76,2.99,0.00,18.70,0.020,0.003,0.0,0.053
126,1749293196.01,150,10.493,1.122,4.691,72.578,8.33,0.00,-1.04,-0.00,1.98,none,0,0,1,39.76,2.99,0.00,17.62,0.021,0.002,0.0,0.057
127,1749293196.07,147,9.530,1.073,4.576,80.044,8.45,0.00,-1.04,-0.00,1.98,none,0,0,1,39.76,2.99,0.00,17.80,0.022,0.003,0.0,0.056
128,1749293196.12,150,9.139,1.014,4.438,98.004,8.57,0.00,-1.04,-0.00,1.98,none,0,0,1,39.76,2.99,0.00,16.44,0.024,0.003,0.0,0.061
129,1749293196.18,150,9.065,0.984,4.411,101.548,8.70,0.00,-1.04,-0.00,1.98,none,0,0,1,39.76,2.99,0.00,14.41,0.024,0.003,0.0,0.069
130,1749293196.25,149,9.090,0.950,4.502,100.507,8.82,0.00,-1.04,-0.00,1.98,none,0,0,1,39.76,2.99,0.00,17.17,0.022,0.003,0.0,0.058
131,1749293196.31,149,8.952,0.956,4.488,84.448,8.92,0.00,-1.04,-0.00,1.98,none,0,0,1,39.76,2.99,0.00,17.90,0.020,0.003,0.0,0.056
132,1749293196.37,148,8.738,0.946,4.539,80.416,9.03,0.00,-1.04,-0.00,1.98,none,0,0,1,39.76,2.99,0.00,17.38,0.023,0.003,0.0,0.058
133,1749293196.43,149,8.510,0.871,4.408,107.543,9.14,0.00,-1.04,-0.00,1.98,none,0,0,1,39.76,2.99,0.00,19.87,0.017,0.003,0.0,0.050
134,1749293196.48,149,8.058,0.870,4.215,67.432,9.24,0.00,-1.04,-0.00,1.98,none,0,0,1,39.77,2.99,0.00,17.30,0.022,0.003,0.0,0.058
135,1749293196.53,148,7.601,0.839,4.046,67.264,9.36,0.00,-1.04,-0.00,1.98,none,0,0,1,39.77,2.99,0.00,17.52,0.023,0.003,0.0,0.057
136,1749293196.59,149,7.491,0.814,4.038,80.896,9.46,0.00,-1.04,-0.00,1.98,none,0,0,1,39.77,2.99,0.00,19.23,0.018,0.002,0.0,0.052
137,1749293196.64,150,7.490,0.860,3.908,84.234,9.58,0.00,-1.04,-0.00,1.98,none,0,0,1,39.77,2.99,0.00,16.85,0.022,0.003,0.0,0.059
138,1749293196.70,147,8.331,0.886,3.979,149.931,9.69,0.00,-1.04,-0.00,1.98,none,0,0,1,39.77,2.99,0.00,18.50,0.023,0.003,0.0,0.054
139,1749293196.76,150,7.750,0.901,3.953,79.822,9.81,0.00,-1.04,-0.00,1.98,none,0,0,1,39.77,2.99,0.00,16.24,0.023,0.003,0.0,0.062
140,1749293196.82,137,7.210,0.921,3.659,41.423,9.91,0.00,-1.04,-0.00,1.98,none,0,0,1,39.77,2.99,0.00,19.18,0.020,0.003,0.0,0.052
141,1749293196.87,150,6.839,0.920,3.479,41.678,10.01,0.00,-1.04,-0.00,1.98,none,0,0,1,39.77,2.99,0.00,18.86,0.023,0.002,0.0,0.053
142,1749293196.92,150,6.967,0.962,3.387,64.552,10.12,0.00,-1.04,-0.00,1.98,none,0,0,1,39.77,2.99,0.00,18.21,0.023,0.002,0.0,0.055
143,1749293196.98,150,6.831,0.942,3.231,75.036,10.23,0.00,-1.04,-0.00,1.98,none,0,0,1,39.77,2.99,0.00,18.09,0.019,0.002,0.0,0.055
144,1749293197.03,150,6.927,0.975,3.216,70.926,10.33,0.00,-1.04,-0.00,1.98,resume_reinforce,0,0,1,39.77,2.99,0.00,18.45,0.022,0.002,0.0,0.054
145,1749293197.09,148,6.930,0.913,3.175,66.502,10.43,0.00,-1.04,-0.00,1.98,none,0,0,1,39.77,2.99,0.00,19.81,0.021,0.003,0.0,0.050
146,1749293197.14,148,6.897,0.912,3.086,88.149,10.53,0.00,-1.04,-0.00,1.98,none,0,0,1,39.77,2.99,0.00,19.77,0.021,0.002,0.0,0.051
147,1749293197.19,150,6.709,0.981,2.933,81.417,10.64,0.00,-1.04,-0.00,1.98,none,0,0,1,39.77,2.99,0.00,19.33,0.021,0.003,0.0,0.052
148,1749293197.24,150,5.483,0.956,2.732,87.740,10.74,0.00,-1.04,-0.00,1.98,none,0,0,1,39.77,2.99,0.00,18.14,0.022,0.002,0.0,0.055
149,1749293197.29,150,5.713,1.027,2.568,97.057,10.84,0.00,-1.04,-0.00,1.98,none,0,0,1,39.77,2.99,0.00,19.78,0.017,0.002,0.0,0.051
150,1749293197.35,149,5.839,0.993,2.563,76.327,10.95,0.00,-1.04,-0.00,1.98,none,0,0,1,39.77,2.99,0.00,18.94,0.020,0.002,0.0,0.053
151,1749293197.40,148,5.983,1.018,2.588,99.634,11.06,0.00,-1.04,-0.00,1.98,none,0,0,1,39.77,2.99,0.00,18.46,0.020,0.003,0.0,0.054
152,1749293197.45,149,5.591,0.969,2.569,88.777,11.16,0.00,-1.04,-0.00,1.98,none,0,0,1,39.77,2.99,0.00,18.32,0.022,0.003,0.0,0.055
153,1749293197.51,149,5.374,1.044,2.620,109.179,11.26,0.00,-1.04,-0.00,1.98,none,0,0,1,39.77,2.99,0.00,19.47,0.020,0.002,0.0,0.051
154,1749293197.56,142,5.009,0.967,2.603,41.258,11.38,0.00,-1.04,-0.00,1.98,none,0,0,1,39.77,2.99,0.00,17.46,0.022,0.002,0.0,0.057
155,1749293197.62,149,4.718,1.068,2.623,41.179,11.48,0.00,-1.04,-0.00,1.98,none,0,0,1,39.77,2.99,0.00,18.46,0.023,0.002,0.0,0.054
156,1749293197.67,146,4.326,1.100,2.641,38.991,11.58,0.00,-1.04,-0.00,1.98,none,0,0,1,39.77,2.99,0.00,19.82,0.019,0.003,0.0,0.050
157,1749293197.72,149,4.050,0.954,2.647,42.373,11.68,0.00,-1.03,-0.00,1.98,none,0,0,1,39.77,2.99,0.00,19.91,0.019,0.003,0.0,0.050
158,1749293197.77,150,3.801,1.009,2.679,42.166,11.78,0.00,-1.03,-0.00,1.98,none,0,0,1,39.77,2.99,0.00,19.49,0.020,0.003,0.0,0.051
159,1749293197.82,150,3.599,0.922,2.688,45.767,11.88,0.00,-1.03,-0.00,1.98,none,0,0,1,39.77,2.99,0.00,19.76,0.021,0.002,0.0,0.051
160,1749293197.87,149,3.468,0.997,2.688,43.558,11.98,0.00,-1.03,-0.00,1.98,none,0,0,1,39.77,2.99,0.00,19.91,0.020,0.002,0.0,0.050
161,1749293197.92,150,3.271,0.993,2.706,40.216,12.08,0.00,-1.03,-0.00,1.98,none,0,0,1,39.77,2.99,0.00,19.89,0.020,0.002,0.0,0.050
162,1749293197.97,149,3.165,1.000,2.716,52.244,12.18,0.00,-1.03,-0.00,1.98,none,0,0,1,39.77,2.99,0.00,19.91,0.020,0.002,0.0,0.050
163,1749293198.02,148,2.995,1.007,2.726,43.538,12.28,0.00,-1.03,-0.00,1.98,none,0,0,0,39.77,2.99,0.00,19.77,0.019,0.002,0.0,0.051
164,1749293198.07,150,3.004,1.148,2.753,48.292,12.38,0.00,-1.03,-0.00,1.98,none,0,0,0,39.77,2.99,0.00,19.58,0.021,0.002,0.0,0.051
165,1749293198.13,149,2.980,1.071,2.721,42.812,12.48,0.00,-1.03,-0.00,1.98,none,0,0,0,39.77,2.99,0.00,19.89,0.018,0.002,0.0,0.050
166,1749293198.18,148,2.986,1.084,2.745,37.402,12.59,0.00,-1.03,-0.00,1.98,none,0,0,0,39.77,2.99,0.00,17.34,0.020,0.003,0.0,0.058
167,1749293198.23,150,3.024,1.221,2.777,42.259,12.72,0.00,-1.03,-0.00,1.98,none,0,0,0,39.77,2.99,0.00,16.17,0.024,0.003,0.0,0.062
168,1749293198.29,149,3.097,1.248,2.848,46.172,12.83,0.00,-1.03,-0.00,1.98,none,0,0,0,39.77,2.99,0.00,16.59,0.021,0.002,0.0,0.060
169,1749293198.36,149,3.136,1.308,2.899,40.895,12.95,0.00,-1.03,-0.00,1.98,none,0,0,0,39.77,2.99,0.00,16.09,0.024,0.002,0.0,0.062
170,1749293198.42,149,3.197,1.314,2.957,43.930,13.06,0.00,-1.03,-0.00,1.98,none,0,0,0,39.77,2.99,0.00,17.75,0.021,0.003,0.0,0.056
171,1749293198.47,150,3.267,1.325,2.981,44.557,13.17,0.00,-1.03,-0.00,1.98,none,0,0,0,39.77,2.99,0.00,18.27,0.022,0.002,0.0,0.055
172,1749293198.53,147,3.259,1.466,2.991,34.443,13.32,0.00,-1.03,-0.00,1.98,none,0,0,0,39.77,2.99,0.00,11.49,0.022,0.003,0.0,0.087
173,1749293198.62,149,3.411,1.446,3.169,39.487,13.47,0.00,-1.03,-0.00,1.98,none,0,0,0,39.77,2.99,0.00,13.02,0.029,0.003,0.0,0.077
174,1749293198.69,149,3.484,1.504,3.266,43.377,13.58,0.00,-1.03,-0.00,1.98,none,0,0,0,39.77,2.99,0.00,15.73,0.020,0.002,0.0,0.064
175,1749293198.76,148,3.583,1.532,3.343,44.676,13.70,0.00,-1.03,-0.00,1.98,none,0,0,0,39.77,2.99,0.00,16.34,0.022,0.003,0.0,0.061
176,1749293198.82,144,3.641,1.605,3.411,43.238,13.81,0.00,-1.03,-0.00,1.98,none,0,0,0,39.77,2.99,0.00,17.56,0.022,0.002,0.0,0.057
177,1749293198.87,149,3.616,1.503,3.410,44.244,13.93,0.00,-1.03,-0.00,1.98,none,0,0,0,39.77,2.99,0.00,17.65,0.020,0.003,0.0,0.057
178,1749293198.93,148,3.679,1.487,3.377,62.604,14.05,0.00,-1.03,-0.00,1.98,none,0,0,0,39.77,2.99,0.00,16.47,0.020,0.003,0.0,0.061
179,1749293198.99,144,3.705,1.605,3.501,44.595,14.17,0.00,-1.03,-0.00,1.98,none,0,0,0,39.77,2.99,0.00,15.24,0.026,0.003,0.0,0.066
180,1749293199.06,148,3.718,1.528,3.529,43.743,14.30,0.00,-1.03,-0.00,1.98,none,0,0,0,39.77,2.99,0.00,15.89,0.027,0.003,0.0,0.063
181,1749293199.12,148,3.703,1.608,3.600,52.898,14.40,0.00,-1.03,-0.00,1.98,resume_reinforce,0,0,0,39.77,2.99,0.00,18.73,0.021,0.003,0.0,0.053
182,1749293199.17,145,3.640,1.535,3.623,42.704,14.50,0.00,-1.03,-0.00,1.98,none,0,0,0,39.77,2.99,0.00,19.54,0.020,0.003,0.0,0.051
183,1749293199.22,148,3.482,1.655,3.548,59.603,14.62,0.00,-1.03,-0.00,1.98,none,0,0,0,39.77,2.99,0.00,17.20,0.023,0.002,0.0,0.058
184,1749293199.28,149,3.340,1.577,3.531,46.798,14.72,0.00,-1.03,-0.00,1.98,none,0,0,0,39.77,2.99,0.00,18.25,0.023,0.003,0.0,0.055
185,1749293199.34,144,3.388,1.708,3.549,70.238,14.82,0.00,-1.03,-0.00,1.98,none,0,0,0,39.77,2.99,0.00,16.01,0.021,0.002,0.0,0.062
186,1749293199.40,148,3.306,1.687,3.535,30.842,14.94,0.00,-1.03,0.00,1.98,none,0,0,0,39.77,2.99,0.00,13.40,0.025,0.003,0.0,0.075
187,1749293199.47,146,3.325,1.869,3.654,43.534,15.05,0.00,-1.03,0.00,1.98,none,0,0,0,39.77,2.99,0.00,17.54,0.022,0.003,0.0,0.057
188,1749293199.53,147,3.181,1.967,3.667,45.360,15.15,0.00,-1.03,0.00,1.98,none,0,0,0,39.77,2.99,0.00,18.69,0.023,0.002,0.0,0.054
189,1749293199.58,146,3.114,1.941,3.621,49.741,15.26,0.00,-1.03,0.00,1.98,none,0,0,0,39.77,2.99,0.00,18.26,0.022,0.004,0.0,0.055
190,1749293199.64,146,3.055,2.048,3.667,48.740,15.38,0.00,-1.03,0.00,1.98,none,0,0,0,39.77,2.99,0.00,16.92,0.021,0.002,0.0,0.059
191,1749293199.70,150,3.025,2.118,3.652,49.231,15.48,0.00,-1.03,0.00,1.98,none,0,0,0,39.77,2.99,0.00,19.75,0.018,0.002,0.0,0.051
192,1749293199.75,147,3.026,2.195,3.702,49.115,15.58,0.00,-1.03,0.00,1.98,none,0,0,1,39.77,2.99,0.00,18.51,0.020,0.003,0.0,0.054
193,1749293199.80,145,3.039,2.251,3.692,53.138,15.68,0.00,-1.03,0.00,1.98,none,0,0,0,39.77,2.99,0.00,18.91,0.022,0.003,0.0,0.053
194,1749293199.86,150,3.072,2.301,3.705,53.996,15.79,0.00,-1.03,0.00,1.98,none,0,0,0,39.77,2.99,0.00,18.63,0.019,0.002,0.0,0.054
195,1749293199.91,146,2.951,2.265,3.830,57.662,15.90,0.00,-1.03,0.00,1.98,none,0,0,1,39.77,2.99,0.00,17.24,0.021,0.003,0.0,0.058
196,1749293199.97,146,3.028,2.410,4.032,62.244,16.02,0.00,-1.03,0.00,1.98,none,0,0,1,39.77,2.99,0.00,18.02,0.023,0.003,0.0,0.055
197,1749293200.02,146,2.951,2.446,4.041,62.945,16.11,0.00,-1.03,-0.00,1.98,none,0,0,1,39.77,2.99,0.00,19.94,0.020,0.002,0.0,0.050
198,1749293200.07,149,2.999,2.535,4.172,67.536,16.22,0.00,-1.03,-0.00,1.98,none,0,0,1,39.77,2.99,0.00,19.15,0.022,0.002,0.0,0.052
199,1749293200.13,143,2.931,2.636,4.246,56.638,16.33,0.00,-1.03,-0.00,1.98,none,0,0,1,39.77,2.99,0.00,17.47,0.021,0.002,0.0,0.057
200,1749293200.18,148,2.948,2.830,4.279,51.337,16.43,0.00,-1.03,-0.00,1.98,none,0,0,1,39.77,2.99,0.00,18.74,0.021,0.003,0.0,0.053
201,1749293200.24,147,2.970,2.896,4.511,65.840,16.54,0.00,-1.03,-0.00,1.98,none,0,0,1,39.77,2.99,0.00,18.56,0.023,0.003,0.0,0.054
202,1749293200.29,148,2.986,3.027,4.675,69.549,16.64,0.00,-1.03,-0.00,1.98,dodge_left,0,1,1,39.77,2.99,0.00,18.51,0.020,0.002,0.0,0.054
203,1749293200.34,150,3.015,3.111,4.818,69.192,16.76,-0.00,-1.03,-0.06,1.97,dodge_left,0,1,1,39.67,2.98,0.00,17.58,0.021,0.002,0.0,0.057
204,1749293200.40,150,3.706,5.284,6.092,234.361,16.87,-0.00,-1.03,-0.16,1.91,dodge_left,0,1,1,39.15,2.96,0.00,17.06,0.026,0.003,0.0,0.059
205,1749293200.46,146,4.381,6.956,7.579,201.745,17.00,-0.01,-1.05,-0.30,1.82,dodge_left,0,1,1,38.25,2.91,0.00,14.19,0.022,0.003,0.0,0.070
206,1749293200.53,148,4.977,8.277,8.201,98.658,17.11,-0.01,-1.06,-0.37,1.73,dodge_left,0,1,1,37.31,2.87,0.00,14.62,0.023,0.004,0.0,0.068
207,1749293200.60,150,5.281,9.055,9.106,71.010,17.22,-0.02,-1.09,-0.40,1.62,dodge_left,0,1,1,36.27,2.81,0.00,14.78,0.025,0.003,0.0,0.068
208,1749293200.67,150,5.297,9.335,10.166,82.813,17.32,-0.04,-1.11,-0.39,1.52,dodge_left,0,1,1,35.21,2.76,0.00,14.17,0.027,0.003,0.0,0.071
209,1749293200.74,143,5.280,9.640,10.819,64.778,17.40,-0.06,-1.13,-0.37,1.43,dodge_left,0,1,1,34.33,2.72,0.00,17.66,0.022,0.003,0.0,0.057
210,1749293200.79,145,5.190,9.768,11.476,65.393,17.48,-0.08,-1.15,-0.33,1.34,dodge_left,0,1,1,33.46,2.67,0.00,16.64,0.022,0.003,0.0,0.060
211,1749293200.85,145,5.192,10.063,12.287,66.760,17.57,-0.11,-1.17,-0.27,1.23,dodge_left,0,1,1,32.39,2.62,0.00,12.35,0.026,0.003,0.0,0.081
212,1749293200.93,149,5.293,10.324,13.219,68.863,17.64,-0.13,-1.19,-0.23,1.17,dodge_left,0,1,1,31.69,2.58,0.00,17.02,0.024,0.003,0.0,0.059
213,1749293200.99,148,5.253,10.850,14.055,84.073,17.70,-0.16,-1.20,-0.18,1.11,dodge_left,0,1,1,31.08,2.55,0.00,16.19,0.023,0.003,0.0,0.062
214,1749293201.05,150,4.570,9.178,13.736,66.528,17.75,-0.19,-1.21,-0.14,1.05,dodge_left,0,1,1,30.56,2.53,0.00,16.79,0.024,0.002,0.0,0.060
215,1749293201.12,149,3.905,8.168,13.264,82.841,17.81,-0.23,-1.22,-0.10,1.01,dodge_left,0,1,1,30.11,2.51,0.00,16.08,0.024,0.003,0.0,0.062
216,1749293201.18,148,3.252,7.186,13.798,82.608,17.86,-0.26,-1.23,-0.07,0.97,dodge_left,0,1,1,29.75,2.49,0.00,16.11,0.023,0.003,0.0,0.062
217,1749293201.24,149,3.022,7.076,14.487,103.746,17.89,-0.30,-1.23,-0.05,0.95,dodge_left,0,1,1,29.49,2.47,0.00,18.21,0.022,0.003,0.0,0.055
218,1749293201.29,149,2.929,7.252,15.186,89.462,17.93,-0.34,-1.24,-0.02,0.93,dodge_left,0,1,1,29.28,2.46,0.00,16.96,0.021,0.002,0.0,0.059
219,1749293201.35,149,2.926,7.446,15.426,58.705,17.97,-0.37,-1.24,-0.00,0.91,dodge_left,0,1,1,29.13,2.46,0.00,19.42,0.021,0.003,0.0,0.051
220,1749293201.40,150,2.918,7.649,15.525,75.895,17.99,-0.41,-1.25,0.01,0.90,dodge_left,0,1,1,29.03,2.45,0.00,19.79,0.020,0.002,0.0,0.051
221,1749293201.46,150,2.806,8.058,15.281,57.265,18.02,-0.45,-1.25,0.03,0.89,dodge_left,0,1,1,28.94,2.45,0.00,18.15,0.021,0.003,0.0,0.055
222,1749293201.51,150,2.651,8.311,15.366,98.207,18.05,-0.48,-1.25,0.04,0.89,dodge_left,0,1,1,28.89,2.44,0.00,19.09,0.020,0.002,0.0,0.052
223,1749293201.56,150,2.567,8.466,15.684,107.151,18.07,-0.52,-1.26,0.05,0.89,dodge_left,0,1,1,28.86,2.44,0.00,19.21,0.021,0.003,0.0,0.052
224,1749293201.61,150,2.450,8.624,15.453,65.136,18.09,-0.57,-1.26,0.06,0.88,dodge_left,0,1,1,28.85,2.44,0.00,18.48,0.019,0.003,0.0,0.054
225,1749293201.67,149,2.352,9.099,15.231,96.909,18.11,-0.61,-1.26,0.07,0.89,dodge_left,0,1,1,28.85,2.44,0.00,19.88,0.019,0.002,0.0,0.050
226,1749293201.72,148,2.280,9.397,14.703,87.517,18.13,-0.65,-1.26,0.08,0.89,dodge_left,0,1,1,28.86,2.44,0.00,19.95,0.020,0.003,0.0,0.050
227,1749293201.77,150,2.171,9.058,13.833,75.470,18.15,-0.69,-1.26,0.08,0.89,dodge_left,0,1,1,28.88,2.44,0.00,19.96,0.019,0.002,0.0,0.050
228,1749293201.82,149,2.138,9.482,13.314,129.740,18.17,-0.73,-1.26,0.09,0.89,dodge_left,0,1,1,28.92,2.45,0.00,19.84,0.018,0.002,0.0,0.050
229,1749293201.87,149,2.184,9.765,13.245,103.813,18.18,-0.77,-1.26,0.09,0.89,dodge_left,0,1,1,28.95,2.45,0.00,19.84,0.018,0.002,0.0,0.050
230,1749293201.92,150,2.223,10.245,13.391,100.267,18.19,-0.82,-1.26,0.10,0.90,dodge_left,0,1,1,28.98,2.45,0.00,19.28,0.022,0.002,0.0,0.052
231,1749293201.97,150,2.247,9.732,13.588,86.008,18.21,-0.86,-1.26,0.10,0.90,dodge_left,0,1,1,29.01,2.45,0.00,19.30,0.020,0.002,0.0,0.052
232,1749293202.02,150,2.263,9.645,15.219,160.859,18.22,-0.90,-1.27,0.10,0.91,dodge_left,0,1,1,29.05,2.45,0.00,19.80,0.019,0.002,0.0,0.050
233,1749293202.07,150,2.269,9.425,15.032,88.830,18.23,-0.95,-1.27,0.11,0.91,dodge_left,0,1,1,29.08,2.45,0.00,19.87,0.019,0.002,0.0,0.050
234,1749293202.12,150,2.374,9.399,15.449,101.977,18.24,-0.99,-1.27,0.11,0.91,dodge_left,0,1,1,29.13,2.46,0.00,19.30,0.021,0.002,0.0,0.052
235,1749293202.18,149,2.450,9.571,15.657,116.847,18.25,-1.04,-1.27,0.11,0.92,dodge_left,0,1,1,29.17,2.46,0.00,19.17,0.020,0.002,0.0,0.052
236,1749293202.23,150,2.478,9.366,16.021,83.352,18.26,-1.09,-1.27,0.11,0.92,dodge_left,0,1,1,29.22,2.46,0.00,17.49,0.020,0.002,0.0,0.057
237,1749293202.29,148,2.535,10.029,16.985,98.686,18.27,-1.14,-1.27,0.11,0.93,dodge_left,0,1,1,29.25,2.46,0.00,18.66,0.021,0.002,0.0,0.054
238,1749293202.34,149,2.566,10.004,17.195,100.239,18.28,-1.19,-1.27,0.11,0.93,dodge_left,0,1,1,29.28,2.46,0.00,19.77,0.020,0.002,0.0,0.051
239,1749293202.39,150,2.523,9.435,17.891,87.010,18.28,-1.23,-1.27,0.12,0.93,dodge_left,0,1,1,29.31,2.47,0.00,19.80,0.019,0.002,0.0,0.051
240,1749293202.44,150,2.522,8.568,17.819,90.578,18.29,-1.28,-1.27,0.12,0.93,dodge_left,0,1,1,29.35,2.47,0.00,19.19,0.019,0.002,0.0,0.052
241,1749293202.49,150,2.558,8.382,17.714,92.063,18.30,-1.33,-1.27,0.12,0.94,dodge_left,0,1,1,29.38,2.47,0.00,18.46,0.020,0.002,0.0,0.054
242,1749293202.55,150,2.597,7.854,16.591,79.729,18.30,-1.39,-1.27,0.12,0.94,dodge_left,0,1,1,29.42,2.47,0.00,16.30,0.022,0.003,0.0,0.061
243,1749293202.61,150,2.645,7.313,16.970,85.279,18.31,-1.45,-1.27,0.12,0.95,dodge_left,0,1,1,29.46,2.47,0.00,16.41,0.023,0.002,0.0,0.061
244,1749293202.67,150,2.615,6.761,17.160,89.864,18.31,-1.50,-1.27,0.12,0.95,dodge_left,0,1,1,29.49,2.47,0.00,18.10,0.023,0.002,0.0,0.055
245,1749293202.72,150,2.598,5.540,17.113,90.277,18.32,-1.55,-1.27,0.12,0.95,dodge_left,0,1,1,29.52,2.48,0.00,19.79,0.021,0.002,0.0,0.051
246,1749293202.77,150,2.661,5.011,17.351,108.476,18.32,-1.60,-1.27,0.12,0.95,dodge_left,0,1,1,29.54,2.48,0.00,17.36,0.022,0.002,0.0,0.058
247,1749293202.83,149,2.631,3.953,16.694,81.188,18.33,-1.65,-1.27,0.12,0.96,dodge_left,0,1,1,29.56,2.48,0.00,18.71,0.022,0.002,0.0,0.053
248,1749293202.89,150,2.666,3.009,16.006,113.637,18.33,-1.70,-1.26,0.12,0.96,dodge_left,0,1,1,29.58,2.48,0.00,19.36,0.021,0.002,0.0,0.052
249,1749293202.94,149,2.713,2.661,14.667,88.274,18.33,-1.75,-1.26,0.12,0.96,dodge_left,0,1,1,29.60,2.48,0.00,19.91,0.021,0.002,0.0,0.050
250,1749293202.99,150,2.690,2.494,14.105,82.210,18.34,-1.80,-1.26,0.12,0.96,dodge_left,0,1,1,29.62,2.48,0.00,19.89,0.020,0.003,0.0,0.050
251,1749293203.04,148,2.671,2.371,13.506,79.136,18.34,-1.85,-1.26,0.12,0.96,dodge_left,0,1,1,29.64,2.48,0.00,19.27,0.020,0.003,0.0,0.052
252,1749293203.09,148,2.678,2.317,12.052,112.711,18.34,-1.90,-1.26,0.12,0.97,dodge_left,0,1,1,29.66,2.48,0.00,18.63,0.018,0.004,0.0,0.054
253,1749293203.14,150,2.642,2.225,10.860,92.053,18.35,-1.95,-1.26,0.12,0.97,dodge_left,0,1,1,29.68,2.48,0.00,19.69,0.020,0.002,0.0,0.051
254,1749293203.19,149,2.627,2.092,9.572,73.484,18.35,-2.00,-1.26,0.12,0.97,dodge_left,0,1,1,29.69,2.48,0.00,19.35,0.020,0.002,0.0,0.052
255,1749293203.25,150,2.624,2.015,8.632,86.014,18.35,-2.05,-1.26,0.12,0.97,dodge_left,0,1,1,29.71,2.49,0.00,19.18,0.021,0.002,0.0,0.052
256,1749293203.30,147,2.608,1.968,7.264,84.046,18.35,-2.10,-1.26,0.12,0.97,dodge_left,0,1,1,29.72,2.49,0.00,19.12,0.021,0.002,0.0,0.052
257,1749293203.35,150,2.606,1.920,6.348,94.107,18.35,-2.15,-1.26,0.12,0.97,none,0,0,1,29.74,2.49,0.00,17.53,0.022,0.002,0.0,0.057
258,1749293203.41,150,2.562,1.892,5.580,69.685,18.36,-2.21,-1.26,0.12,0.98,none,0,0,1,29.76,2.49,0.00,16.15,0.022,0.002,0.0,0.062
259,1749293203.47,149,2.594,1.916,5.467,95.679,18.36,-2.27,-1.26,0.12,0.98,resume,0,0,1,29.77,2.49,0.00,17.80,0.022,0.002,0.0,0.056
282,1749293204.57,150,2.110,2.654,3.204,39.724,19.18,-2.94,-1.48,0.12,1.46,none,0,0,1,34.57,2.73,0.00,0.92,0.018,0.003,0.0,1.088
283,1749293204.61,150,2.097,2.643,3.202,45.038,19.26,-2.95,-1.48,0.08,1.49,none,0,0,1,34.91,2.75,0.00,19.07,0.018,0.002,0.0,0.052
284,1749293204.67,148,2.064,2.601,3.157,31.867,19.34,-2.97,-1.49,0.05,1.53,none,0,0,1,35.30,2.76,0.00,17.16,0.021,0.003,0.0,0.058
285,1749293204.72,148,2.050,2.488,3.062,27.356,19.44,-2.98,-1.49,0.01,1.57,none,0,0,1,35.67,2.78,0.00,15.91,0.023,0.002,0.0,0.063
286,1749293204.79,150,2.069,2.326,2.964,31.432,19.53,-3.00,-1.49,-0.01,1.60,none,0,0,1,36.00,2.80,0.00,16.52,0.019,0.003,0.0,0.061
287,1749293204.85,149,2.180,2.263,2.890,32.998,19.64,-3.01,-1.49,-0.03,1.63,none,0,0,1,36.31,2.82,0.00,15.33,0.024,0.003,0.0,0.065
288,1749293204.91,150,2.295,2.140,2.768,35.421,19.74,-3.02,-1.49,-0.05,1.66,none,0,0,0,36.62,2.83,0.00,16.34,0.024,0.003,0.0,0.061
289,1749293204.97,149,2.511,2.081,2.700,43.820,19.84,-3.03,-1.50,-0.05,1.69,none,0,0,0,36.88,2.84,0.00,16.36,0.022,0.002,0.0,0.061
290,1749293205.03,148,2.744,1.948,2.640,50.962,19.93,-3.04,-1.50,-0.05,1.71,none,0,0,0,37.10,2.85,0.00,18.89,0.020,0.003,0.0,0.053
291,1749293205.09,148,2.919,1.897,2.542,58.996,20.02,-3.04,-1.50,-0.05,1.73,none,0,0,0,37.28,2.86,0.00,19.96,0.017,0.003,0.0,0.050
292,1749293205.14,149,3.081,1.837,2.452,49.328,20.10,-3.05,-1.50,-0.04,1.75,none,0,0,1,37.46,2.87,0.00,19.95,0.018,0.002,0.0,0.050
293,1749293205.19,146,3.294,1.738,2.344,50.833,20.19,-3.06,-1.50,-0.03,1.76,none,0,0,1,37.63,2.88,0.00,19.01,0.020,0.003,0.0,0.053
294,1749293205.24,150,3.511,1.669,2.216,65.492,20.28,-3.06,-1.50,-0.03,1.78,none,0,0,1,37.78,2.89,0.00,19.90,0.018,0.002,0.0,0.050
295,1749293205.29,148,3.727,1.605,2.076,71.356,20.37,-3.07,-1.50,-0.02,1.79,none,0,0,1,37.92,2.90,0.00,19.35,0.019,0.002,0.0,0.052
296,1749293205.34,149,3.927,1.590,1.939,65.997,20.47,-3.07,-1.50,-0.01,1.81,none,0,0,1,38.06,2.90,0.00,19.25,0.020,0.002,0.0,0.052
297,1749293205.39,148,4.138,1.584,1.797,86.989,20.56,-3.08,-1.50,-0.00,1.82,none,0,0,1,38.19,2.91,0.00,18.42,0.019,0.002,0.0,0.054
298,1749293205.45,144,4.319,1.586,1.658,78.669,20.66,-3.08,-1.50,0.01,1.83,none,0,0,1,38.31,2.92,0.00,18.69,0.022,0.002,0.0,0.054
299,1749293205.50,150,4.435,1.613,1.562,89.448,20.76,-3.09,-1.50,0.01,1.84,none,0,0,1,38.42,2.92,0.00,18.18,0.023,0.003,0.0,0.055
300,1749293205.56,145,4.595,1.682,1.472,95.945,20.86,-3.09,-1.50,0.01,1.85,resume_reinforce,0,0,1,38.52,2.93,0.00,19.54,0.019,0.002,0.0,0.051
301,1749293205.61,150,4.792,1.601,1.395,96.408,20.95,-3.09,-1.50,0.02,1.86,none,0,0,1,38.61,2.93,0.00,19.84,0.017,0.002,0.0,0.050
302,1749293205.66,148,4.997,1.663,1.324,76.771,21.06,-3.10,-1.50,0.02,1.87,none,0,0,1,38.71,2.94,0.00,16.48,0.021,0.002,0.0,0.061
303,1749293205.72,148,5.169,1.758,1.257,65.397,21.18,-3.10,-1.50,0.02,1.88,none,0,0,1,38.81,2.94,0.00,15.78,0.023,0.002,0.0,0.063
304,1749293205.78,148,5.399,1.857,1.207,78.787,21.29,-3.10,-1.50,0.01,1.89,none,0,0,1,38.88,2.94,0.00,17.61,0.023,0.003,0.0,0.057
305,1749293205.84,149,5.502,1.944,1.150,79.648,21.39,-3.10,-1.50,0.01,1.90,none,0,0,1,38.95,2.95,0.00,18.98,0.018,0.002,0.0,0.053
306,1749293205.89,149,5.636,2.035,1.082,73.271,21.50,-3.11,-1.50,0.01,1.90,none,0,0,1,39.02,2.95,0.00,16.64,0.021,0.002,0.0,0.060
307,1749293205.95,148,5.752,2.143,1.055,89.556,21.60,-3.11,-1.50,0.01,1.91,dodge_right,0,1,1,39.07,2.95,0.00,19.37,0.019,0.003,0.0,0.052
308,1749293206.00,146,5.892,2.286,1.028,105.548,21.70,-3.11,-1.50,0.07,1.90,dodge_right,0,1,1,39.05,2.95,0.00,18.34,0.021,0.002,0.0,0.055
309,1749293206.06,145,6.665,3.355,2.843,334.287,21.82,-3.11,-1.50,0.20,1.86,dodge_right,0,1,1,38.59,2.93,0.00,16.73,0.020,0.003,0.0,0.060
310,1749293206.12,146,7.748,4.778,3.834,231.840,21.91,-3.11,-1.51,0.32,1.79,dodge_right,0,1,1,37.92,2.90,0.00,18.25,0.021,0.003,0.0,0.055
311,1749293206.17,149,8.852,5.789,4.413,186.921,22.00,-3.11,-1.52,0.39,1.72,dodge_right,0,1,1,37.22,2.86,0.00,19.35,0.019,0.003,0.0,0.052
312,1749293206.22,147,9.480,6.369,4.754,121.786,22.10,-3.10,-1.54,0.44,1.64,dodge_right,0,1,1,36.37,2.82,0.00,17.59,0.022,0.003,0.0,0.057
313,1749293206.28,145,9.829,6.605,4.952,72.483,22.19,-3.09,-1.56,0.46,1.54,dodge_right,0,1,1,35.49,2.77,0.00,17.32,0.023,0.003,0.0,0.058
314,1749293206.34,142,10.095,6.768,5.010,109.246,22.26,-3.08,-1.58,0.45,1.47,dodge_right,0,1,1,34.71,2.74,0.00,19.17,0.021,0.002,0.0,0.052
315,1749293206.39,150,10.206,6.828,4.982,92.181,22.33,-3.06,-1.60,0.43,1.39,dodge_right,0,1,1,33.95,2.70,0.00,19.69,0.020,0.002,0.0,0.051
316,1749293206.44,148,10.358,6.908,4.966,102.042,22.40,-3.05,-1.61,0.40,1.31,dodge_right,0,1,1,33.18,2.66,0.00,18.34,0.018,0.003,0.0,0.055
317,1749293206.50,148,10.397,7.046,5.030,72.604,22.47,-3.03,-1.63,0.36,1.24,dodge_right,0,1,1,32.40,2.62,0.00,17.13,0.020,0.002,0.0,0.058
318,1749293206.56,145,10.560,7.178,5.101,77.437,22.53,-3.00,-1.64,0.32,1.17,dodge_right,0,1,1,31.72,2.59,0.00,17.57,0.020,0.003,0.0,0.057
319,1749293206.61,142,9.946,6.387,3.316,64.798,22.59,-2.98,-1.66,0.28,1.12,dodge_right,0,1,1,31.16,2.56,0.00,18.69,0.018,0.002,0.0,0.054
320,1749293206.67,144,9.068,5.275,2.380,63.325,22.64,-2.95,-1.67,0.24,1.07,dodge_right,0,1,1,30.68,2.53,0.00,18.77,0.022,0.002,0.0,0.053
321,1749293206.72,143,8.054,4.562,1.865,56.789,22.69,-2.93,-1.68,0.20,1.03,dodge_right,0,1,1,30.28,2.51,0.00,19.82,0.018,0.003,0.0,0.050
322,1749293206.77,144,7.582,4.300,1.591,60.941,22.73,-2.90,-1.68,0.17,0.99,dodge_right,0,1,1,29.91,2.50,0.00,18.43,0.022,0.002,0.0,0.054
323,1749293206.82,148,7.363,4.413,1.449,63.224,22.77,-2.86,-1.69,0.14,0.96,dodge_right,0,1,1,29.59,2.48,0.00,17.26,0.019,0.002,0.0,0.058
324,1749293206.88,148,7.273,4.498,1.445,54.930,22.82,-2.82,-1.70,0.11,0.93,dodge_right,0,1,1,29.30,2.46,0.00,15.22,0.023,0.003,0.0,0.066
325,1749293206.95,144,7.506,4.875,1.561,64.870,22.86,-2.78,-1.70,0.09,0.91,dodge_right,0,1,1,29.09,2.45,0.00,15.95,0.023,0.003,0.0,0.063
326,1749293207.01,147,7.661,5.097,1.665,63.524,22.90,-2.74,-1.71,0.06,0.89,dodge_right,0,1,1,28.95,2.45,0.00,15.55,0.022,0.002,0.0,0.064
327,1749293207.08,142,7.799,5.230,1.662,61.638,22.93,-2.70,-1.71,0.04,0.88,dodge_right,0,1,1,28.85,2.44,0.00,16.17,0.023,0.003,0.0,0.062
328,1749293207.14,144,7.741,5.363,1.667,68.378,22.98,-2.63,-1.72,0.02,0.88,dodge_right,0,1,1,28.79,2.44,0.00,10.25,0.022,0.003,0.0,0.098
329,1749293207.26,143,8.491,5.814,1.758,71.499,23.01,-2.56,-1.72,0.00,0.88,dodge_right,0,1,1,28.76,2.44,0.00,10.92,0.021,0.002,0.0,0.092
330,1749293207.33,149,8.553,5.516,1.759,83.067,23.03,-2.52,-1.72,-0.00,0.88,dodge_right,0,1,1,28.78,2.44,0.00,18.27,0.020,0.002,0.0,0.055
331,1749293207.38,146,8.550,5.187,1.726,64.553,23.05,-2.47,-1.72,-0.01,0.88,dodge_right,0,1,1,28.81,2.44,0.00,17.70,0.022,0.002,0.0,0.057
332,1749293207.44,148,8.437,4.855,1.681,66.008,23.07,-2.42,-1.72,-0.02,0.88,dodge_right,0,1,1,28.84,2.44,0.00,18.92,0.021,0.002,0.0,0.053
333,1749293207.49,144,8.390,4.522,1.633,72.147,23.09,-2.37,-1.73,-0.02,0.89,dodge_right,0,1,1,28.88,2.44,0.00,16.79,0.022,0.002,0.0,0.060
334,1749293207.55,142,8.174,4.166,1.575,67.800,23.10,-2.33,-1.73,-0.03,0.89,dodge_right,0,1,1,28.93,2.45,0.00,18.54,0.019,0.002,0.0,0.054
335,1749293207.60,140,7.948,3.727,1.507,104.111,23.12,-2.29,-1.73,-0.03,0.90,dodge_right,0,1,1,28.97,2.45,0.00,19.94,0.022,0.002,0.0,0.050
336,1749293207.65,146,7.526,3.306,1.412,66.258,23.13,-2.24,-1.73,-0.03,0.90,dodge_right,0,1,1,29.01,2.45,0.00,19.78,0.018,0.002,0.0,0.051
337,1749293207.70,147,7.247,2.903,1.343,68.761,23.14,-2.20,-1.73,-0.04,0.91,dodge_right,0,1,1,29.06,2.45,0.00,18.98,0.021,0.002,0.0,0.053
338,1749293207.76,149,7.014,2.494,1.263,70.627,23.15,-2.15,-1.73,-0.04,0.91,dodge_right,0,1,1,29.10,2.46,0.00,19.92,0.018,0.003,0.0,0.050
339,1749293207.81,148,6.111,1.728,1.084,71.557,23.16,-2.11,-1.73,-0.04,0.92,dodge_right,0,1,1,29.15,2.46,0.00,19.89,0.018,0.003,0.0,0.050
340,1749293207.86,150,5.830,1.638,0.995,75.828,23.17,-2.06,-1.73,-0.04,0.92,dodge_right,0,1,1,29.20,2.46,0.00,18.08,0.021,0.002,0.0,0.055
341,1749293207.91,144,5.736,1.635,0.943,71.690,23.18,-2.01,-1.73,-0.05,0.92,dodge_right,0,1,1,29.24,2.46,0.00,19.24,0.020,0.002,0.0,0.052
342,1749293207.96,143,5.623,1.565,0.900,74.585,23.19,-1.97,-1.73,-0.05,0.93,dodge_right,0,1,1,29.28,2.46,0.00,19.63,0.018,0.002,0.0,0.051
343,1749293208.02,146,5.517,1.453,0.868,73.370,23.19,-1.92,-1.73,-0.05,0.93,dodge_right,0,1,1,29.32,2.47,0.00,19.55,0.020,0.002,0.0,0.051
344,1749293208.07,146,5.429,1.401,0.823,70.956,23.20,-1.87,-1.73,-0.05,0.94,dodge_right,0,1,1,29.36,2.47,0.00,17.94,0.023,0.003,0.0,0.056
345,1749293208.12,143,5.284,1.313,0.783,82.666,23.21,-1.82,-1.73,-0.05,0.94,dodge_right,0,1,1,29.40,2.47,0.00,19.89,0.018,0.003,0.0,0.050
346,1749293208.17,145,5.288,1.326,0.764,71.930,23.21,-1.77,-1.73,-0.05,0.94,dodge_right,0,1,1,29.43,2.47,0.00,19.91,0.019,0.003,0.0,0.050
347,1749293208.22,147,5.247,1.285,0.739,73.954,23.22,-1.72,-1.73,-0.05,0.95,dodge_right,0,1,1,29.47,2.47,0.00,18.81,0.021,0.002,0.0,0.053
348,1749293208.28,146,5.172,1.194,0.733,71.095,23.22,-1.68,-1.73,-0.05,0.95,dodge_right,0,1,1,29.49,2.47,0.00,19.94,0.016,0.002,0.0,0.050
349,1749293208.33,146,5.181,1.112,0.719,78.065,23.23,-1.63,-1.73,-0.05,0.95,dodge_right,0,1,1,29.52,2.48,0.00,19.84,0.018,0.002,0.0,0.050
350,1749293208.38,145,5.103,1.041,0.697,72.887,23.23,-1.58,-1.73,-0.05,0.95,dodge_right,0,1,1,29.54,2.48,0.00,19.80,0.017,0.003,0.0,0.051
351,1749293208.43,145,5.082,0.947,0.670,74.511,23.23,-1.53,-1.73,-0.05,0.96,dodge_right,0,1,1,29.56,2.48,0.00,19.89,0.019,0.002,0.0,0.050
352,1749293208.48,147,5.033,0.935,0.638,74.903,23.24,-1.48,-1.73,-0.05,0.96,dodge_right,0,1,1,29.58,2.48,0.00,19.67,0.017,0.002,0.0,0.051
353,1749293208.53,145,4.977,0.963,0.614,74.157,23.24,-1.44,-1.73,-0.05,0.96,dodge_right,0,1,1,29.59,2.48,0.00,19.72,0.018,0.002,0.0,0.051
354,1749293208.58,148,4.953,0.978,0.592,80.793,23.24,-1.39,-1.73,-0.05,0.96,dodge_right,0,1,1,29.61,2.48,0.00,19.84,0.017,0.002,0.0,0.050
355,1749293208.63,145,4.907,0.906,0.576,72.306,23.25,-1.34,-1.73,-0.05,0.96,dodge_right,0,1,1,29.62,2.48,0.00,18.50,0.021,0.002,0.0,0.054
356,1749293208.68,147,4.909,0.823,0.591,70.409,23.25,-1.29,-1.73,-0.05,0.96,dodge_right,0,1,1,29.64,2.48,0.00,18.86,0.021,0.003,0.0,0.053
357,1749293208.74,148,4.869,0.807,0.590,72.789,23.25,-1.24,-1.73,-0.05,0.97,dodge_right,0,1,1,29.65,2.48,0.00,19.68,0.018,0.003,0.0,0.051
358,1749293208.79,143,4.942,0.822,0.610,83.866,23.25,-1.18,-1.73,-0.05,0.97,dodge_right,0,1,1,29.67,2.48,0.00,18.89,0.021,0.003,0.0,0.053
359,1749293208.84,148,4.857,0.810,0.606,68.026,23.26,-1.14,-1.73,-0.05,0.97,dodge_right,0,1,1,29.68,2.48,0.00,19.86,0.018,0.002,0.0,0.050
360,1749293208.89,149,4.843,0.806,0.609,66.223,23.26,-1.09,-1.73,-0.05,0.97,dodge_right,0,1,1,29.70,2.48,0.00,19.87,0.018,0.002,0.0,0.050
361,1749293208.94,145,4.769,0.804,0.621,59.154,23.26,-1.04,-1.73,-0.05,0.97,dodge_right,0,1,1,29.71,2.49,0.00,19.90,0.020,0.002,0.0,0.050
362,1749293208.99,148,4.833,0.747,0.637,70.606,23.26,-0.99,-1.73,-0.05,0.97,none,0,0,1,29.73,2.49,0.00,18.57,0.022,0.002,0.0,0.054
363,1749293209.04,150,4.799,0.627,0.638,57.633,23.26,-0.93,-1.73,-0.05,0.97,none,0,0,1,29.74,2.49,0.00,18.21,0.019,0.002,0.0,0.055
364,1749293209.10,148,4.775,0.569,0.646,49.817,23.27,-0.87,-1.73,-0.05,0.98,resume,0,0,1,29.76,2.49,0.00,16.06,0.021,0.003,0.0,0.062
387,1749293210.18,148,6.660,1.850,2.494,100.072,24.06,-0.21,-1.94,-0.13,1.44,none,0,0,1,34.40,2.72,0.00,0.94,0.017,0.002,0.0,1.067
388,1749293210.23,147,6.238,1.899,2.536,54.056,24.13,-0.20,-1.94,-0.10,1.48,none,0,0,1,34.75,2.74,0.00,19.82,0.019,0.002,0.0,0.050
389,1749293210.28,149,5.946,1.949,2.591,70.812,24.21,-0.18,-1.95,-0.06,1.51,none,0,0,1,35.09,2.75,0.00,19.17,0.017,0.002,0.0,0.052
390,1749293210.33,148,5.678,1.965,2.639,52.175,24.29,-0.17,-1.95,-0.03,1.55,none,0,0,1,35.46,2.77,0.00,17.17,0.021,0.002,0.0,0.058
391,1749293210.39,147,4.962,1.993,2.647,38.764,24.39,-0.15,-1.95,0.00,1.58,none,0,0,1,35.80,2.79,0.00,16.28,0.021,0.002,0.0,0.061
392,1749293210.45,148,4.710,2.028,2.670,40.940,24.47,-0.14,-1.95,0.03,1.61,none,0,0,1,36.11,2.81,0.00,17.63,0.019,0.002,0.0,0.057
393,1749293210.51,147,4.772,2.070,2.655,41.449,24.57,-0.13,-1.96,0.04,1.64,none,0,0,1,36.39,2.82,0.00,17.30,0.021,0.002,0.0,0.058
394,1749293210.57,146,4.830,2.069,2.645,40.325,24.65,-0.12,-1.96,0.05,1.66,none,0,0,1,36.65,2.83,0.00,18.70,0.019,0.002,0.0,0.053
395,1749293210.62,150,4.810,2.070,2.587,41.728,24.74,-0.11,-1.96,0.05,1.69,none,0,0,1,36.87,2.84,0.00,19.07,0.022,0.003,0.0,0.052
396,1749293210.67,148,4.887,1.991,2.522,52.352,24.83,-0.11,-1.96,0.05,1.71,none,0,0,1,37.08,2.85,0.00,19.01,0.020,0.003,0.0,0.053
397,1749293210.72,148,4.796,1.911,2.393,38.646,24.92,-0.10,-1.96,0.05,1.73,none,0,0,1,37.28,2.86,0.00,19.47,0.020,0.002,0.0,0.051
398,1749293210.78,150,4.925,1.795,2.290,41.666,25.01,-0.09,-1.96,0.04,1.75,none,0,0,1,37.46,2.87,0.00,18.60,0.020,0.002,0.0,0.054
399,1749293210.83,150,4.845,1.714,2.175,52.745,25.12,-0.09,-1.96,0.03,1.77,none,0,0,1,37.65,2.88,0.00,16.73,0.022,0.002,0.0,0.060
400,1749293210.89,150,4.894,1.631,2.062,33.886,25.22,-0.08,-1.96,0.02,1.78,none,0,0,1,37.84,2.89,0.00,16.48,0.024,0.002,0.0,0.061
401,1749293210.95,148,4.757,1.508,1.948,35.998,25.33,-0.07,-1.96,0.01,1.80,none,0,0,1,37.98,2.90,0.00,17.91,0.020,0.002,0.0,0.056
402,1749293211.01,149,4.842,1.387,1.884,75.359,25.43,-0.07,-1.96,0.00,1.81,none,0,0,1,38.13,2.91,0.00,16.53,0.024,0.002,0.0,0.061
403,1749293211.07,150,4.722,1.226,1.770,36.988,25.53,-0.06,-1.96,-0.00,1.83,none,0,0,1,38.26,2.91,0.00,18.44,0.018,0.002,0.0,0.054
404,1749293211.12,148,4.773,1.095,1.667,28.214,25.63,-0.06,-1.96,-0.01,1.84,none,0,0,1,38.38,2.92,0.00,18.72,0.021,0.002,0.0,0.053
405,1749293211.17,149,4.807,0.974,1.572,28.324,25.76,-0.05,-1.96,-0.02,1.85,resume_reinforce,0,0,1,38.49,2.92,0.00,14.30,0.023,0.002,0.0,0.070
406,1749293211.24,148,4.932,0.904,1.505,45.678,25.86,-0.05,-1.96,-0.02,1.86,none,0,0,1,38.61,2.93,0.00,18.32,0.019,0.002,0.0,0.055
407,1749293211.30,149,5.106,0.840,1.418,24.558,25.96,-0.05,-1.96,-0.02,1.87,none,0,0,1,38.70,2.93,0.00,18.52,0.021,0.002,0.0,0.054
408,1749293211.35,149,5.160,0.777,1.344,21.506,26.05,-0.04,-1.96,-0.02,1.88,none,0,0,1,38.78,2.94,0.00,19.26,0.020,0.003,0.0,0.052
409,1749293211.40,150,5.215,0.687,1.252,25.771,26.15,-0.04,-1.96,-0.02,1.89,none,0,0,1,38.85,2.94,0.00,19.05,0.020,0.002,0.0,0.052
410,1749293211.46,150,5.288,0.611,1.168,27.324,26.25,-0.04,-1.96,-0.01,1.89,none,0,0,1,38.92,2.95,0.00,19.79,0.018,0.002,0.0,0.051
411,1749293211.51,150,5.395,0.560,1.091,20.941,26.34,-0.04,-1.96,-0.01,1.90,none,0,0,1,38.98,2.95,0.00,19.29,0.019,0.002,0.0,0.052
412,1749293211.56,150,5.360,0.495,0.964,19.929,26.44,-0.03,-1.96,-0.01,1.90,none,0,0,1,39.04,2.95,0.00,19.85,0.017,0.002,0.0,0.050
413,1749293211.61,150,5.463,0.476,0.904,23.278,26.54,-0.03,-1.96,-0.01,1.91,none,0,0,1,39.09,2.95,0.00,19.97,0.016,0.002,0.0,0.050
414,1749293211.66,149,5.515,0.445,0.840,18.158,26.64,-0.03,-1.96,-0.00,1.91,none,0,0,1,39.15,2.96,0.00,18.31,0.019,0.002,0.0,0.055
415,1749293211.71,150,5.770,0.402,0.803,20.736,26.74,-0.03,-1.96,-0.00,1.92,none,0,0,1,39.19,2.96,0.00,18.95,0.019,0.002,0.0,0.053
416,1749293211.77,150,5.768,0.372,0.729,19.060,26.84,-0.03,-1.96,0.00,1.92,none,0,0,1,39.24,2.96,0.00,19.20,0.021,0.002,0.0,0.052
417,1749293211.82,150,5.894,0.320,0.689,21.633,26.94,-0.03,-1.96,0.00,1.93,none,0,0,1,39.27,2.96,0.00,19.89,0.018,0.002,0.0,0.050
418,1749293211.87,150,6.092,0.311,0.660,17.673,27.03,-0.02,-1.96,0.00,1.93,none,0,0,1,39.31,2.97,0.00,19.91,0.018,0.002,0.0,0.050
419,1749293211.92,150,6.326,0.290,0.641,21.092,27.14,-0.02,-1.96,0.00,1.93,none,0,0,1,39.34,2.97,0.00,19.45,0.021,0.002,0.0,0.051
420,1749293211.97,150,6.405,0.268,0.604,19.189,27.23,-0.02,-1.96,0.00,1.94,none,0,0,1,39.37,2.97,0.00,19.95,0.018,0.003,0.0,0.050
421,1749293212.02,150,6.739,0.264,0.584,17.705,27.33,-0.02,-1.96,0.00,1.94,none,0,0,1,39.41,2.97,0.00,18.75,0.020,0.003,0.0,0.053
422,1749293212.08,150,6.797,0.274,0.592,26.970,27.43,-0.02,-1.96,0.00,1.94,none,0,0,1,39.43,2.97,0.00,19.83,0.018,0.002,0.0,0.050
423,1749293212.13,150,6.782,0.296,0.587,23.383,27.53,-0.02,-1.96,0.00,1.95,none,0,0,1,39.45,2.97,0.00,19.81,0.017,0.002,0.0,0.050
424,1749293212.18,150,6.621,0.285,0.577,20.174,27.63,-0.02,-1.96,0.00,1.95,none,0,0,1,39.48,2.97,0.00,19.95,0.016,0.002,0.0,0.050
425,1749293212.23,150,6.890,0.279,0.562,21.034,27.73,-0.02,-1.96,0.00,1.95,none,0,0,1,39.50,2.97,0.00,19.70,0.019,0.002,0.0,0.051
426,1749293212.28,150,7.203,0.268,0.545,21.112,27.83,-0.02,-1.96,0.00,1.95,none,0,0,1,39.52,2.98,0.00,19.80,0.016,0.002,0.0,0.050
427,1749293212.33,150,7.505,0.255,0.546,21.436,27.93,-0.02,-1.96,0.00,1.95,none,0,0,1,39.54,2.98,0.00,19.96,0.017,0.002,0.0,0.050
428,1749293212.38,150,7.727,0.234,0.540,23.646,28.02,-0.02,-1.96,0.00,1.96,none,0,0,1,39.55,2.98,0.00,19.82,0.015,0.002,0.0,0.050
